DNA_Index,
1.1927695,
1.1583365,
1.1578931,
1.1521881,
1.1465011,
1.1346053,
1.1290135,
1.1187724,
1.1168959,
1.1074634,
1.1052246,
1.0941777,
1.0927998,
1.0875795,
1.0873479,
1.0869614,
1.0854982,
1.0842615,
1.0806621,
1.0794604,
1.0783132,
1.0772548,
1.0745882,
1.0720716,
1.0710546,
1.0703646,
1.0695882,
1.0688813,
1.0677027,
1.0669029,
1.059628,
1.0590729,
1.054037,
1.0516549,
1.0511165,
1.0508717,
1.0417391,
1.0416653,
1.0409464,
1.0407847,
1.0398272,
1.0380342,
1.037336,
1.0357195,
1.034461,
1.0342406,
1.0323215,
1.0261419,
1.0250934,
1.0249151,
1.0231029,
1.0195849,
1.0193766,
1.0188408,
1.0163844,
1.0160797,
1.0147703,
1.0145234,
1.014015,
1.0134028,
1.0073605,
1.0062184,
1.0048704,
1.0030445,
1.0023152,
1.0003153,
0.99880123,
0.9986533,
0.9967209,
0.99563354,
0.99493957,
0.99339426,
0.99237037,
0.99025565,
0.9882276,
0.98641837,
0.98531765,
0.982855,
0.9826905,
0.97870684,
0.9778227,
0.96420205,
0.96380377,
0.955675,
0.95549893,
0.95420724,
0.9493845,
0.9470802,
0.9454581,
0.9454303,
0.9412095,
0.94069326,
0.9388687,
0.9387168,
0.9376263,
0.93709487,
0.9359858,
0.9346937,
0.9263791,
0.9226845,
0.9225726,
0.9209508,
0.9076616,
0.90686136,
0.90485644,
0.8956657,
0.8936802,
0.8911813,
0.8902578,
0.8901023,
0.8869276,
0.88642895,
0.88225675,
0.8791836,
0.8783268,
0.8753419,
0.8713794,
0.86540496,
0.86534137,
0.8571136,
0.84750974,
0.84280765,
0.83604074,
0.83384794,
0.8332647,
0.8295405,
0.82687956,
0.8234975,
0.81195486,
0.8007254,
0.7932675,
0.78222793,
0.7694835,
0.7683169,
0.7680259,
0.76083493,
0.7563154,
0.7553859,
0.75029886,
0.7480166,
0.7422403,
0.7403016,
0.74001616,
0.7391625,
0.7368088,
0.73352754,
0.72400653,
0.7150473,
0.7131969,
0.71198076,
0.70914817,
0.68798316,
0.6863368,
0.6789851,
0.6739516,
0.66972345,
0.6675584,
0.64895105,
0.6460373,
0.64403206,
0.6370356,
0.62853336,
0.6282054,
0.62457585,
0.6227443,
0.60712737,
0.59610146,
0.5704621,
0.55759865,
0.55271786,
0.54800475,
